<?xml version="1.0" encoding="UTF-8" standalone="yes"?>
<addon id="repository.repopiltris" name="Los Piltris Repository" version="1.1.1" provider-name="joacrugon">
    <extension point="xbmc.addon.repository" name="joacrugon Alpha Repository">
        <dir>
            <info compressed="false">https://raw.githubusercontent.com/joacrugon/repo/main/repo/addons.xml</info>
            <checksum>https://raw.githubusercontent.com/joacrugon/repo/main/repo/addons.xml.md5</checksum>
            <datadir zip="true">https://raw.githubusercontent.com/joacrugon/repo/main/repo/</datadir>
        </dir>
    </extension>
    <extension point="xbmc.addon.metadata">
        <summary>joacrugon Alpha Repository</summary>
        <description>Un repositorio Alpha personal y compartido de joacrugon para addons de Kodi.</description>
        <disclaimer></disclaimer>
        <platform>all</platform>
        <assets>
            <icon>icon.png</icon>
            <fanart>fanart.jpg</fanart>
        </assets>
    </extension>
</addon>